dataset,n_reference,n_test,n_anomaly,anomaly_prevalence,auroc,auprc,f1_oracle_prevalence,seed,context_size,projections,condition,projection_strategy,fit_seconds,score_seconds,total_seconds,cold_start
Hepatitis,33,47,13,0.2765957446808511,0.8212669683257918,0.6580530271706744,0.6923076923076923,42,33,8,evenly_spaced_seed42,evenly_spaced,0.001,0.0,0.0,False
pima,250,518,268,0.5173745173745173,0.7406567164179105,0.7470619136392607,0.7014925373134329,42,200,8,evenly_spaced_seed42,evenly_spaced,0.001,0.0,0.0,False
thyroid,1839,1933,93,0.0481117434040351,0.9877512856474988,0.8303069860164142,0.7526881720430108,42,200,6,evenly_spaced_seed42,evenly_spaced,0.001,0.0,0.0,False
breastw,222,461,239,0.5184381778741866,0.996513249651325,0.9964618054121872,0.9790794979079498,42,200,8,evenly_spaced_seed42,evenly_spaced,0.001,0.0,0.0,False
WDBC,178,189,10,0.0529100529100529,1.0,1.0,1.0,42,178,8,evenly_spaced_seed42,evenly_spaced,0.001,0.0,0.0,False
Parkinson,24,171,147,0.8596491228070176,0.731859410430839,0.9469746899008704,0.8843537414965986,42,24,8,evenly_spaced_seed42,evenly_spaced,0.001,0.0,0.0,False
lympho,71,77,6,0.0779220779220779,0.9694835680751174,0.7436868686868686,0.6666666666666666,42,71,8,evenly_spaced_seed42,evenly_spaced,0.001,0.0,0.0,False
wbc,178,200,21,0.105,0.9672785315243416,0.8515952579862358,0.7619047619047619,42,178,8,evenly_spaced_seed42,evenly_spaced,0.001,0.0,0.0,False
fraud,142157,142650,492,0.0034490010515247,0.911830648584416,0.5370785594694817,0.5182926829268293,42,200,8,evenly_spaced_seed42,evenly_spaced,0.001,0.0,0.0,False
campaign,18274,22914,4640,0.2024962904774373,0.7474658208100449,0.4742008131156703,0.5230603448275862,42,200,8,evenly_spaced_seed42,evenly_spaced,0.001,0.0,0.0,False
glass,102,112,9,0.0803571428571428,0.639697950377562,0.1558468731555171,0.1111111111111111,42,102,8,evenly_spaced_seed42,evenly_spaced,0.001,0.0,0.0,False
ionosphere,112,239,126,0.5271966527196653,0.9558926815563984,0.9689663390174068,0.8888888888888888,42,112,8,evenly_spaced_seed42,evenly_spaced,0.001,0.0,0.0,False
satimage-2,2866,2937,71,0.024174327545114,0.9972283105471628,0.9704198880932268,0.943661971830986,42,200,8,evenly_spaced_seed42,evenly_spaced,0.001,0.0,0.0,False
shuttle,22793,26304,3511,0.1334777980535279,0.9990455628525666,0.992087532470716,0.9831956707490744,42,200,8,evenly_spaced_seed42,evenly_spaced,0.001,0.0,0.0,False
SpamBase,1264,2943,1679,0.5705062861026163,0.8074473579059266,0.855062935665038,0.7617629541393687,42,200,8,evenly_spaced_seed42,evenly_spaced,0.001,0.0,0.0,False
Hepatitis,33,47,13,0.2765957446808511,0.8212669683257918,0.6580530271706744,0.6923076923076923,0,33,8,evenly_spaced_seed0,evenly_spaced,0.001,0.0,0.0,False
pima,250,518,268,0.5173745173745173,0.7467611940298506,0.7533582665442794,0.7126865671641791,0,200,8,evenly_spaced_seed0,evenly_spaced,0.001,0.0,0.0,False
thyroid,1839,1933,93,0.0481117434040351,0.9900245441795232,0.8491885967533288,0.7741935483870968,0,200,6,evenly_spaced_seed0,evenly_spaced,0.001,0.0,0.0,False
breastw,222,461,239,0.5184381778741866,0.9962305401635944,0.9962376404618352,0.9790794979079498,0,200,8,evenly_spaced_seed0,evenly_spaced,0.001,0.0,0.0,False
WDBC,178,189,10,0.0529100529100529,1.0,1.0,1.0,0,178,8,evenly_spaced_seed0,evenly_spaced,0.001,0.0,0.0,False
Parkinson,24,171,147,0.8596491228070176,0.731859410430839,0.9469746899008704,0.8843537414965986,0,24,8,evenly_spaced_seed0,evenly_spaced,0.001,0.0,0.0,False
lympho,71,77,6,0.0779220779220779,0.9694835680751174,0.7436868686868686,0.6666666666666666,0,71,8,evenly_spaced_seed0,evenly_spaced,0.001,0.0,0.0,False
wbc,178,200,21,0.105,0.9672785315243416,0.8515952579862358,0.7619047619047619,0,178,8,evenly_spaced_seed0,evenly_spaced,0.001,0.0,0.0,False
fraud,142157,142650,492,0.0034490010515247,0.9175937240105106,0.4117892588849215,0.4552845528455284,0,200,8,evenly_spaced_seed0,evenly_spaced,0.001,0.0,0.0,False
campaign,18274,22914,4640,0.2024962904774373,0.7857420496616636,0.5084887780513885,0.5325431034482758,0,200,8,evenly_spaced_seed0,evenly_spaced,0.001,0.0,0.0,False
glass,102,112,9,0.0803571428571428,0.639697950377562,0.1558468731555171,0.1111111111111111,0,102,8,evenly_spaced_seed0,evenly_spaced,0.001,0.0,0.0,False
ionosphere,112,239,126,0.5271966527196653,0.9558926815563984,0.9689663390174068,0.8888888888888888,0,112,8,evenly_spaced_seed0,evenly_spaced,0.001,0.0,0.0,False
satimage-2,2866,2937,71,0.024174327545114,0.9923729396616966,0.957282216352306,0.9154929577464788,0,200,8,evenly_spaced_seed0,evenly_spaced,0.001,0.0,0.0,False
shuttle,22793,26304,3511,0.1334777980535279,0.9992097715270156,0.9918214752041552,0.962403873540302,0,200,8,evenly_spaced_seed0,evenly_spaced,0.001,0.0,0.0,False
SpamBase,1264,2943,1679,0.5705062861026163,0.8050329460724813,0.8397591895802222,0.768314472900536,0,200,8,evenly_spaced_seed0,evenly_spaced,0.001,0.0,0.0,False
Hepatitis,33,47,13,0.2765957446808511,0.7850678733031674,0.6211802179065606,0.5384615384615384,42,33,8,random_seed42,random,1.351702291984111,0.5409242910100147,1.8926265829941256,True
pima,250,518,268,0.5173745173745173,0.7406567164179105,0.7470619136392607,0.7014925373134329,42,200,8,random_seed42,random,0.0002377909841015,2.646167916012928,2.6464057069970295,False
thyroid,1839,1933,93,0.0481117434040351,0.9877512856474988,0.8303069860164142,0.7526881720430108,42,200,6,random_seed42,random,0.0002995410468429,5.505457082996145,5.505756624042988,False
breastw,222,461,239,0.5184381778741866,0.9956839684873158,0.9955643597652208,0.9790794979079498,42,200,8,random_seed42,random,0.0002373330062255,2.049950332962908,2.050187665969134,False
WDBC,178,189,10,0.0529100529100529,1.0,1.0,1.0,42,178,8,random_seed42,random,0.0002650419482961,2.543550750007853,2.543815791956149,False
Parkinson,24,171,147,0.8596491228070176,0.7517006802721089,0.9486389470045304,0.8979591836734694,42,24,8,random_seed42,random,0.0002752910368144,1.236141417059116,1.2364167080959303,False
lympho,71,77,6,0.0779220779220779,1.0,1.0,1.0,42,71,8,random_seed42,random,0.0002085000742226,1.0832662920001894,1.083474792074412,False
wbc,178,200,21,0.105,0.9816440542697528,0.8927009575760132,0.7619047619047619,42,178,8,random_seed42,random,0.0003180839121341,3.056478667072952,3.056796750985086,False
glass,102,112,9,0.0803571428571428,0.6343042071197411,0.1549954814423254,0.1111111111111111,42,102,8,random_seed42,random,0.0003394590457901,1.0896330840187147,1.0899725430645049,False
ionosphere,112,239,126,0.5271966527196653,0.9443742098609356,0.9620175255670748,0.8888888888888888,42,112,8,random_seed42,random,0.0003011659719049,3.043498625047505,3.04379979101941,False
satimage-2,2866,2937,71,0.024174327545114,0.9991498186607434,0.9751750929112576,0.9154929577464788,42,200,8,random_seed42,random,0.0005167080089449,33.48297266603913,33.48348937404808,False
SpamBase,1264,2943,1679,0.5705062861026163,0.8370531170603357,0.859795975375102,0.7921381774865992,42,200,8,random_seed42,random,0.0006766250589862,53.263278583064675,53.26395520812366,False
shuttle,22793,26304,3511,0.1334777980535279,0.9992188560492228,0.9927205692478652,0.982910851609228,42,200,8,random_seed42,random,0.0040861669695004,170.12677520804573,170.13086137501523,False
campaign,18274,22914,4640,0.2024962904774373,0.7536974757805512,0.4767181766457661,0.5053879310344828,42,200,8,random_seed42,random,0.0055105841020122,423.1093501669821,423.11486075108405,False
Hepatitis,33,47,13,0.2765957446808511,0.7986425339366517,0.5580048890693176,0.6153846153846154,42,33,8,variance_ranked_seed42,variance_ranked,0.3496915829600766,0.7283669169992208,1.0780584999592977,True
pima,250,518,268,0.5173745173745173,0.7406567164179105,0.7470619136392607,0.7014925373134329,42,200,8,variance_ranked_seed42,variance_ranked,0.0002677919110283,3.348145541967824,3.3484133338788524,False
thyroid,1839,1933,93,0.0481117434040351,0.9877512856474988,0.8303069860164142,0.7526881720430108,42,200,6,variance_ranked_seed42,variance_ranked,0.0004227500176057,6.356427790946327,6.356850540963933,False
breastw,222,461,239,0.5184381778741866,0.996513249651325,0.9964618054121872,0.9790794979079498,42,200,8,variance_ranked_seed42,variance_ranked,0.0003612500149756,2.294429959030822,2.2947912090457976,False
WDBC,178,189,10,0.0529100529100529,1.0,1.0,1.0,42,178,8,variance_ranked_seed42,variance_ranked,0.0003189999843016,2.8698075000429526,2.8701265000272542,False
Parkinson,24,171,147,0.8596491228070176,0.7891156462585034,0.9590967014277644,0.91156462585034,42,24,8,variance_ranked_seed42,variance_ranked,0.0002923749852925,1.4524264159845188,1.4527187909698114,False
lympho,71,77,6,0.0779220779220779,0.9671361502347418,0.7507575757575757,0.6666666666666666,42,71,8,variance_ranked_seed42,variance_ranked,0.0002901670522987,1.0968347920570525,1.097124959109351,False
wbc,178,200,21,0.105,0.9776536312849162,0.8836726312096843,0.7619047619047619,42,178,8,variance_ranked_seed42,variance_ranked,0.0002828750293701,2.942733792006038,2.9430166670354083,False
glass,102,112,9,0.0803571428571428,0.6289104638619202,0.1522623383819141,0.1111111111111111,42,102,8,variance_ranked_seed42,variance_ranked,0.000291125033982,1.1583594579715282,1.1586505830055105,False
ionosphere,112,239,126,0.5271966527196653,0.9567354965585054,0.9700725579886568,0.8968253968253969,42,112,8,variance_ranked_seed42,variance_ranked,0.0003083749907091,3.3105972920311615,3.3109056670218706,False
satimage-2,2866,2937,71,0.024174327545114,0.9902745152000628,0.9149997461730917,0.8591549295774648,42,200,8,variance_ranked_seed42,variance_ranked,0.0008628749055787,31.65636245906353,31.65722533396911,False
SpamBase,1264,2943,1679,0.5705062861026163,0.8535520691188998,0.879445105241881,0.8040500297796307,42,200,8,variance_ranked_seed42,variance_ranked,0.0005844999104738,51.25216270901728,51.25274720892776,False
shuttle,22793,26304,3511,0.1334777980535279,0.999271213886978,0.9929327934652572,0.982910851609228,42,200,8,variance_ranked_seed42,variance_ranked,0.0038245000177994,173.95083841704763,173.95466291706543,False
campaign,18274,22914,4640,0.2024962904774373,0.7592772011204915,0.4738756957436724,0.5137931034482759,42,200,8,variance_ranked_seed42,variance_ranked,0.0102570420131087,394.6283627920784,394.6386198340915,False
Hepatitis,33,47,13,0.2765957446808511,0.8212669683257918,0.6580530271706744,0.6923076923076923,1,33,8,evenly_spaced_seed1,evenly_spaced,2.064831666997634,1.6921140410704538,3.7569457080680877,True
pima,250,518,268,0.5173745173745173,0.7214776119402985,0.7358310338580856,0.7014925373134329,1,200,8,evenly_spaced_seed1,evenly_spaced,0.0004152919864282012,7.090332209016196,7.090747501002625,False
thyroid,1839,1933,93,0.04811174340403518,0.9911874707807387,0.8659473498775477,0.7956989247311828,1,200,6,evenly_spaced_seed1,evenly_spaced,0.0006398339755833149,12.679536874988116,12.6801767089637,False
breastw,222,461,239,0.5184381778741866,0.9972671416186061,0.997371191329673,0.9832635983263598,1,200,8,evenly_spaced_seed1,evenly_spaced,0.000679834047332406,4.0342416249914095,4.034921459038742,False
WDBC,178,189,10,0.05291005291005291,1.0,0.9999999999999999,1.0,1,178,8,evenly_spaced_seed1,evenly_spaced,0.000494041945785284,5.595078874961473,5.595572916907258,False
Parkinson,24,171,147,0.8596491228070176,0.731859410430839,0.9469746899008703,0.8843537414965986,1,24,8,evenly_spaced_seed1,evenly_spaced,0.00046487501822412014,2.731499833986163,2.7319647090043873,False
lympho,71,77,6,0.07792207792207792,0.9694835680751174,0.7436868686868686,0.6666666666666666,1,71,8,evenly_spaced_seed1,evenly_spaced,0.0004053330048918724,1.9582293750718236,1.9586347080767155,False
wbc,178,200,21,0.105,0.9672785315243416,0.8515952579862358,0.7619047619047619,1,178,8,evenly_spaced_seed1,evenly_spaced,0.0005839999066665769,6.610327416914515,6.610911416821182,False
glass,102,112,9,0.08035714285714286,0.639697950377562,0.15584687315551712,0.1111111111111111,1,102,8,evenly_spaced_seed1,evenly_spaced,0.0007098750211298466,2.0515382080338895,2.0522480830550194,False
ionosphere,112,239,126,0.5271966527196653,0.9558926815563983,0.9689663390174068,0.8888888888888888,1,112,8,evenly_spaced_seed1,evenly_spaced,0.0004707910120487213,5.867534832912497,5.868005623924546,False
satimage-2,2866,2937,71,0.02417432754511406,0.9986043265875786,0.9746149505111018,0.9295774647887324,1,200,8,evenly_spaced_seed1,evenly_spaced,0.0010249170009046793,56.28404333302751,56.28506825002842,False
SpamBase,1264,2943,1679,0.5705062861026163,0.8182372908829094,0.8508775268197242,0.7843954734961287,1,200,8,evenly_spaced_seed1,evenly_spaced,0.0007777500431984663,79.48112179199234,79.48189954203553,False
shuttle,22793,26304,3511,0.13347779805352797,0.9987190198892679,0.9912125908311298,0.976929649672458,1,200,8,evenly_spaced_seed1,evenly_spaced,0.004787125042639673,262.63549341703765,262.6402805420803,False
campaign,18274,22914,4640,0.20249629047743736,0.7387540664520535,0.437962425837807,0.5051724137931034,1,200,8,evenly_spaced_seed1,evenly_spaced,0.00650924991350621,1354.0536027090857,1354.0601119589992,False
Hepatitis,33,47,13,0.2765957446808511,0.8212669683257918,0.6580530271706744,0.6923076923076923,2,33,8,evenly_spaced_seed2,evenly_spaced,2.4057011250406504,5.535436792066321,7.941137917106971,True
pima,250,518,268,0.5173745173745173,0.723865671641791,0.7395864479447205,0.6791044776119403,2,200,8,evenly_spaced_seed2,evenly_spaced,0.0004175830399617553,18.51994124997873,18.52035883301869,False
thyroid,1839,1933,93,0.04811174340403518,0.9779102384291725,0.7272326143785606,0.6559139784946236,2,200,6,evenly_spaced_seed2,evenly_spaced,0.001092375023290515,33.19347500009462,33.19456737511791,False
breastw,222,461,239,0.5184381778741866,0.9969655848316936,0.9970619587985592,0.9832635983263598,2,200,8,evenly_spaced_seed2,evenly_spaced,0.0005145000759512186,12.056131749995984,12.056646250071935,False
WDBC,178,189,10,0.05291005291005291,1.0,0.9999999999999999,1.0,2,178,8,evenly_spaced_seed2,evenly_spaced,0.0007796249119564891,12.706666249898262,12.707445874810219,False
Parkinson,24,171,147,0.8596491228070176,0.731859410430839,0.9469746899008703,0.8843537414965986,2,24,8,evenly_spaced_seed2,evenly_spaced,0.0006641249638050795,7.992609000066295,7.9932731250301,False
lympho,71,77,6,0.07792207792207792,0.9694835680751174,0.7436868686868686,0.6666666666666666,2,71,8,evenly_spaced_seed2,evenly_spaced,0.0005196250276640058,6.996160082984716,6.99667970801238,False
wbc,178,200,21,0.105,0.9672785315243416,0.8515952579862358,0.7619047619047619,2,178,8,evenly_spaced_seed2,evenly_spaced,0.0005258329911157489,13.441970124957152,13.442495957948267,False
glass,102,112,9,0.08035714285714286,0.639697950377562,0.15584687315551712,0.1111111111111111,2,102,8,evenly_spaced_seed2,evenly_spaced,0.0004942079540342093,6.9824973329668865,6.982991540920921,False
ionosphere,112,239,126,0.5271966527196653,0.9558926815563983,0.9689663390174068,0.8888888888888888,2,112,8,evenly_spaced_seed2,evenly_spaced,0.0005531669594347477,12.464096833020449,12.464649999979883,False
satimage-2,2866,2937,71,0.02417432754511406,0.9982308365194656,0.9734509955637938,0.9295774647887324,2,200,8,evenly_spaced_seed2,evenly_spaced,0.0013063749065622687,119.45983695809264,119.4611433329992,False
SpamBase,1264,2943,1679,0.5705062861026163,0.8179079243974336,0.8541367469150226,0.7867778439547349,2,200,8,evenly_spaced_seed2,evenly_spaced,0.0008998749544844031,166.18776562495623,166.1886654999107,False
shuttle,22793,26304,3511,0.13347779805352797,0.9920067638329,0.9848259438764194,0.9763600113927656,2,200,8,evenly_spaced_seed2,evenly_spaced,0.00420870806556195,649.7259677919792,649.7301765000448,False
campaign,18274,22914,4640,0.20249629047743736,0.8031234845154034,0.5532599748646053,0.5640086206896552,2,200,8,evenly_spaced_seed2,evenly_spaced,0.008464582962915301,1363.455508666928,1363.4639732498908,False
Hepatitis,33,47,13,0.2765957446808511,0.8212669683257918,0.6580530271706744,0.6923076923076923,3,33,8,evenly_spaced_seed3,evenly_spaced,2.0186771659646183,5.349399375030771,7.368076540995389,True
pima,250,518,268,0.5173745173745173,0.7437462686567164,0.7531215501102945,0.7014925373134329,3,200,8,evenly_spaced_seed3,evenly_spaced,0.0006627090042456985,19.31273512507323,19.313397834077477,False
thyroid,1839,1933,93,0.04811174340403518,0.9840521271622253,0.800018095160491,0.7419354838709677,3,200,6,evenly_spaced_seed3,evenly_spaced,0.0008819579379633069,32.36409129202366,32.36497324996162,False
breastw,222,461,239,0.5184381778741866,0.9952127860077651,0.995172854704019,0.9790794979079498,3,200,8,evenly_spaced_seed3,evenly_spaced,0.0007370420498773456,11.567334541934542,11.56807158398442,False
WDBC,178,189,10,0.05291005291005291,1.0,0.9999999999999999,1.0,3,178,8,evenly_spaced_seed3,evenly_spaced,0.0005478749517351389,12.606223333976232,12.606771208927967,False
Parkinson,24,171,147,0.8596491228070176,0.731859410430839,0.9469746899008703,0.8843537414965986,3,24,8,evenly_spaced_seed3,evenly_spaced,0.0006022090092301369,7.748067083070055,7.748669292079285,False
lympho,71,77,6,0.07792207792207792,0.9694835680751174,0.7436868686868686,0.6666666666666666,3,71,8,evenly_spaced_seed3,evenly_spaced,0.0005941659910604358,7.061929416959174,7.062523582950234,False
wbc,178,200,21,0.105,0.9672785315243416,0.8515952579862358,0.7619047619047619,3,178,8,evenly_spaced_seed3,evenly_spaced,0.0005740419728681445,12.656009375001304,12.656583416974172,False
glass,102,112,9,0.08035714285714286,0.639697950377562,0.15584687315551712,0.1111111111111111,3,102,8,evenly_spaced_seed3,evenly_spaced,0.0005667080404236913,7.071434208075516,7.07200091611594,False
ionosphere,112,239,126,0.5271966527196653,0.9558926815563983,0.9689663390174068,0.8888888888888888,3,112,8,evenly_spaced_seed3,evenly_spaced,0.0004845409421250224,12.938474208000116,12.938958748942241,False
satimage-2,2866,2937,71,0.02417432754511406,0.9976509440452905,0.9701373371672395,0.9295774647887324,3,200,8,evenly_spaced_seed3,evenly_spaced,0.0011685830540955067,118.22033758403268,118.22150616708677,False
SpamBase,1264,2943,1679,0.5705062861026163,0.7745611274040455,0.8134180709086755,0.7385348421679571,3,200,8,evenly_spaced_seed3,evenly_spaced,0.0009655840694904327,159.52797962503973,159.52894520910922,False
shuttle,22793,26304,3511,0.13347779805352797,0.9985960102103032,0.990817510387936,0.9703788094559954,3,200,8,evenly_spaced_seed3,evenly_spaced,0.00375316699501127,664.1677608749596,664.1715140419547,False
campaign,18274,22914,4640,0.20249629047743736,0.7926257286119719,0.5030632394280843,0.5288793103448276,3,200,8,evenly_spaced_seed3,evenly_spaced,0.016886041034013033,1370.4824129170738,1370.4992989581078,False
Hepatitis,33,47,13,0.2765957446808511,0.8212669683257918,0.6580530271706744,0.6923076923076923,4,33,8,evenly_spaced_seed4,evenly_spaced,1.1919005840318277,7.187802082975395,8.379702667007223,True
pima,250,518,268,0.5173745173745173,0.7568955223880598,0.7642643269655616,0.7126865671641791,4,200,8,evenly_spaced_seed4,evenly_spaced,0.0005894999485462904,22.57513741601724,22.575726915965788,False
thyroid,1839,1933,93,0.04811174340403518,0.9780563347358578,0.7817827903422496,0.7096774193548387,4,200,6,evenly_spaced_seed4,evenly_spaced,0.0013917089672759175,35.45760404097382,35.458995749941096,False
breastw,222,461,239,0.5184381778741866,0.996588638848053,0.9966022807533617,0.9790794979079498,4,200,8,evenly_spaced_seed4,evenly_spaced,0.0006163750076666474,13.021895125042647,13.022511500050314,False
WDBC,178,189,10,0.05291005291005291,1.0,0.9999999999999999,1.0,4,178,8,evenly_spaced_seed4,evenly_spaced,0.0006067089270800352,13.389670375036076,13.390277083963156,False
Parkinson,24,171,147,0.8596491228070176,0.731859410430839,0.9469746899008703,0.8843537414965986,4,24,8,evenly_spaced_seed4,evenly_spaced,0.0004520840011537075,8.329496958991513,8.329949042992666,False
lympho,71,77,6,0.07792207792207792,0.9694835680751174,0.7436868686868686,0.6666666666666666,4,71,8,evenly_spaced_seed4,evenly_spaced,0.0005301249912008643,7.437738167005591,7.438268291996792,False
wbc,178,200,21,0.105,0.9672785315243416,0.8515952579862358,0.7619047619047619,4,178,8,evenly_spaced_seed4,evenly_spaced,0.0006072910036891699,12.397078083944507,12.397685374948196,False
glass,102,112,9,0.08035714285714286,0.639697950377562,0.15584687315551712,0.1111111111111111,4,102,8,evenly_spaced_seed4,evenly_spaced,0.0005392919993028045,7.054325499921106,7.054864791920409,False
ionosphere,112,239,126,0.5271966527196653,0.9558926815563983,0.9689663390174068,0.8888888888888888,4,112,8,evenly_spaced_seed4,evenly_spaced,0.0008029999444261193,13.283507250016555,13.284310249960981,False
satimage-2,2866,2937,71,0.02417432754511406,0.9943927346353066,0.9047397944381437,0.8028169014084507,4,200,8,evenly_spaced_seed4,evenly_spaced,0.0021748750004917383,123.26849999988917,123.27067487488966,False
SpamBase,1264,2943,1679,0.5705062861026163,0.8061336615375337,0.8438128079053451,0.7677188802858844,4,200,8,evenly_spaced_seed4,evenly_spaced,0.0011803749948740005,168.36328483303078,168.36446520802565,False
shuttle,22793,26304,3511,0.13347779805352797,0.9989902434855634,0.9922130138632679,0.9831956707490743,4,200,8,evenly_spaced_seed4,evenly_spaced,0.029798666946589947,690.1453335420229,690.1751322089694,False
campaign,18274,22914,4640,0.20249629047743736,0.7252845042230718,0.4652065225026971,0.49094827586206896,4,200,8,evenly_spaced_seed4,evenly_spaced,0.012386083020828664,1705.507415042026,1705.5198011250468,False
